siteId,siteName,rows,country,countrySource,siteType,prefixTopCountry,prefixShare,prefixedRows,checkPrefixConflict
CD SANTIAGO,CD Santiago,3530,CHILE,regla_nombre,CENTRO_DISTRIBUCION,COLOMBIA,0.37,301,False
CORPORATIVO PERU,CORPORATIVO PERU,2422,PERU,regla_nombre,CENTRO_DISTRIBUCION,PERU,0.89,725,False
ADMINISTRACIÓN COLOMB,Administración Colombia,2026,COLOMBIA,regla_nombre,CENTRO_DISTRIBUCION,COLOMBIA,0.74,1047,False
CD BOGOTA,CD Bogota,1824,COLOMBIA,regla_nombre,CENTRO_DISTRIBUCION,COLOMBIA,0.93,852,False
H. W,H. W,1542,CHILE,regla_nombre,VENUE_CLIENTE,COLOMBIA,0.43,109,False
CD CONCEPCION,CD Concepcion,1324,CHILE,regla_nombre,CENTRO_DISTRIBUCION,COLOMBIA,0.48,90,False
H. MANDARIN SANTIAGO,H. Mandarin Santiago,1298,CHILE,regla_nombre,VENUE_CLIENTE,CHILE,0.44,45,False
H. SHERATON STGO.,H. Sheraton Stgo.,1236,CHILE,regla_nombre,VENUE_CLIENTE,PERU,0.48,29,False
HOTEL WESTIN-PERU,Hotel Westin-Peru,1160,PERU,regla_nombre,VENUE_CLIENTE,PERU,0.97,364,False
SERVICIO TECNICO SANT,Servicio Tecnico Santiago,1130,CHILE,regla_nombre,SERVICIO_TECNICO,CHILE,0.36,33,False
H. SHERATON MIRAMAR,H. Sheraton Miramar,1074,CHILE,regla_nombre,VENUE_CLIENTE,COLOMBIA,0.43,65,False
CC AGORA,CC Agora,1045,COLOMBIA,regla_nombre,VENUE_CLIENTE,COLOMBIA,0.98,332,False
H. ICON,H. Icon,925,CHILE,regla_nombre,VENUE_CLIENTE,COLOMBIA,0.47,62,False
H. DOUBLETREE BY HILT,H. Doubletree by Hilton,919,CHILE,regla_nombre,VENUE_CLIENTE,COLOMBIA,0.42,33,False
H. INTERCONTINENTAL,H. Intercontinental,912,CHILE,regla_nombre,VENUE_CLIENTE,CHILE,0.37,49,False
H.C. HILTON BOGOTA,H.C. Hilton Bogota,904,COLOMBIA,regla_nombre,VENUE_CLIENTE,COLOMBIA,0.95,531,False
METROPOLITAN SANTIAGO,CC Metropolitan Santiago,877,CHILE,regla_nombre,VENUE_CLIENTE,CHILE,0.42,149,False
H. REGAL PACIFIC,H. Regal Pacific,877,CHILE,regla_nombre,VENUE_CLIENTE,COLOMBIA,0.46,67,False
H.C. W,H.C. W,849,COLOMBIA,regla_nombre,VENUE_CLIENTE,COLOMBIA,0.97,439,False
H. GALERIAS - ALMACRU,H. Galerias - Almacruz,839,CHILE,regla_nombre,VENUE_CLIENTE,CHILE,0.48,27,False
HOTEL HILTON PERU,Hotel Hilton PERU,833,PERU,regla_nombre,VENUE_CLIENTE,PERU,0.95,329,False
ENJOY VINA DEL MAR,Enjoy Vina del Mar,789,CHILE,regla_nombre,VENUE_CLIENTE,CHILE,0.43,28,False
CD PTO. VARAS - ENJOY,CD Pto. Varas - Enjoy Pto. Varas,780,CHILE,regla_nombre,CENTRO_DISTRIBUCION,COLOMBIA,0.5,12,False
CC TITANIUM,CC Titanium,766,CHILE,regla_nombre,VENUE_CLIENTE,PERU,0.59,17,False
HOTEL PULLMAN SAN ISI,Hotel Pullman San Isidro,761,PERU,regla_nombre,VENUE_CLIENTE,PERU,0.95,243,False
H. ATTON VITACURA,H. Pullman (H. Atton Vitacura),757,CHILE,regla_nombre,VENUE_CLIENTE,PERU,0.64,14,True
H.C. GRAND HYATT,H.C. Grand Hyatt,744,COLOMBIA,regla_nombre,VENUE_CLIENTE,COLOMBIA,0.97,441,False
H. DREAMS TEMUCO,H. Dreams Temuco,723,CHILE,regla_nombre,VENUE_CLIENTE,PERU,0.6,5,False
H.C. ESTELAR CARTAGEN,H.C. Estelar Cartagena,714,COLOMBIA,regla_nombre,VENUE_CLIENTE,COLOMBIA,0.98,235,False
HOTEL LE MERIDIEN,Hotel Le Meridien,653,SIN_ASIGNAR,sin_evidencia,VENUE_CLIENTE,COLOMBIA,0.45,65,False
DIFERENCIAS INV,Diferencias Inv,642,SIN_ASIGNAR,sin_evidencia,VIRTUAL_O_BAJA,COLOMBIA,0.71,17,False
CD ANTOFAGASTA,CD Antofagasta,622,CHILE,regla_nombre,CENTRO_DISTRIBUCION,COLOMBIA,0.56,16,False
H. NOVOTEL STGO (H. A,H. Novotel Stgo (H. Atton Las Condes),620,CHILE,regla_nombre,VENUE_CLIENTE,COLOMBIA,0.55,31,False
H. COURTYARD,H. Courtyard,620,CHILE,regla_nombre,VENUE_CLIENTE,COLOMBIA,0.55,11,False
H. SANTA CRUZ,H. Santa Cruz,562,CHILE,regla_nombre,VENUE_CLIENTE,PERU,0.75,4,False
H. BOSQUE DE RENACA (,H. Bosque de Renaca (Conference Town),555,CHILE,regla_nombre,VENUE_CLIENTE,COLOMBIA,0.5,6,False
H. NH,H. NH,552,CHILE,regla_nombre,VENUE_CLIENTE,COLOMBIA,0.33,3,False
H.RITZ CARLTON,Hotel Ritz Carlton,546,CHILE,regla_nombre,VENUE_CLIENTE,CHILE,0.37,43,False
H. RENAISSANCE,H. Renaissance,541,CHILE,regla_nombre,VENUE_CLIENTE,PERU,0.67,6,False
H.C. INTERCONTINENTAL,H.C. Intercontinental Medellin,535,COLOMBIA,regla_nombre,VENUE_CLIENTE,COLOMBIA,0.96,401,False
PULLMAN SAN MARTIN,PULLMAN SAN MARTIN,529,CHILE,regla_nombre,VENUE_CLIENTE,COLOMBIA,0.38,47,False
ENJOY ANTOFAGASTA,Enjoy Antofagasta,526,CHILE,regla_nombre,VENUE_CLIENTE,COLOMBIA,0.46,37,False
WYNDHAM CONCEPCION PE,H. Wyndham Concepcion Pettra,512,CHILE,regla_nombre,VENUE_CLIENTE,CHILE,0.44,43,False
H. MERCURE CNC,H. Mercure Concepcion,496,CHILE,regla_nombre,VENUE_CLIENTE,CHILE,0.58,31,False
H. DREAMS VALDIVIA,H. Dreams Valdivia,496,CHILE,regla_nombre,VENUE_CLIENTE,COLOMBIA,0.5,4,False
MARRIOTT SANTIAGO,H. Marriott Santiago,490,CHILE,regla_nombre,VENUE_CLIENTE,COLOMBIA,0.76,25,True
EFCOL,Equipos Fuera Col 2022,486,COLOMBIA,regla_nombre,VIRTUAL_O_BAJA,COLOMBIA,1.0,250,False
H. ATTON EL BOSQUE,H. Pullman (H. Atton El Bosque),467,CHILE,regla_nombre,VENUE_CLIENTE,PERU,0.5,8,False
INVENTARIO 2023,INV 2023 (Ghost),460,SIN_ASIGNAR,sin_evidencia,VIRTUAL_O_BAJA,COLOMBIA,0.33,3,False
H.C. NOVOTEL 93,H.C. Novotel 93,448,COLOMBIA,regla_nombre,VENUE_CLIENTE,COLOMBIA,0.97,205,False
H.C. DOUBLE TREE AR,H.C. Double Tree AR,446,COLOMBIA,regla_nombre,VENUE_CLIENTE,COLOMBIA,0.98,325,False
H.C. HOLIDAY INN,H.C. Holiday Inn,443,COLOMBIA,regla_nombre,VENUE_CLIENTE,COLOMBIA,0.9,179,False
DIFERENCIAS INV. PERU,Diferencias Inv. Peru,418,PERU,regla_nombre,VIRTUAL_O_BAJA,PERU,0.97,93,False
H. FUNDADOR,H. Fundador,417,CHILE,regla_nombre,VENUE_CLIENTE,COLOMBIA,0.6,5,False
H. NOVAPARK,H. Novapark,413,CHILE,regla_nombre,VENUE_CLIENTE,COLOMBIA,0.5,2,False
CENTROPARQUE,CentroParque,402,CHILE,regla_nombre,VENUE_CLIENTE,PERU,1.0,3,False
HOTEL SHERATON-PERU,Hotel Sheraton-Peru,385,PERU,regla_nombre,VENUE_CLIENTE,PERU,0.95,63,False
ER COL22,Equipos a rastrear Col22,355,COLOMBIA,regla_nombre,VIRTUAL_O_BAJA,COLOMBIA,1.0,208,False
HOTEL PULLMAN MIRAFLO,Hotel Pullman Miraflores,348,PERU,regla_nombre,VENUE_CLIENTE,PERU,0.91,189,False
GHOST 2024,Ghost24,321,SIN_ASIGNAR,sin_evidencia,VIRTUAL_O_BAJA,COLOMBIA,1.0,1,False
H. RADISSON LA DEHESA,H. Radisson La Dehesa,316,CHILE,regla_nombre,VENUE_CLIENTE,PERU,0.67,3,False
GHOST 22,Ghost 22,304,SIN_ASIGNAR,sin_evidencia,VIRTUAL_O_BAJA,PERU,1.0,1,False
OCS,Oficina Central Santiago,302,CHILE,regla_nombre,CENTRO_DISTRIBUCION,CHILE,0.44,9,False
H.C. ESTELAR SUITE JO,H.C. Estelar Suite Jones,297,COLOMBIA,regla_nombre,VENUE_CLIENTE,COLOMBIA,0.93,90,False
HOTEL PALACIO DEL INK,Hotel Palacio del Inka,291,PERU,regla_nombre,VENUE_CLIENTE,PERU,0.93,68,False
H.C. DORADO CAPITAL,H.C. Dorado Capital,286,COLOMBIA,regla_nombre,VENUE_CLIENTE,COLOMBIA,0.99,138,False
HOTEL MELIA LIMA,Hotel Melia Lima,282,PERU,regla_nombre,VENUE_CLIENTE,PERU,0.94,47,False
COSTA DEL SOL,Costa del Sol,271,PERU,regla_nombre,VENUE_CLIENTE,PERU,0.93,46,False
H. DREAMS PTA. ARENAS,H. Dreams Pta. Arenas,267,CHILE,regla_nombre,VENUE_CLIENTE,COLOMBIA,0.5,4,False
REUTILIZAR CHILE,Reutilizar Chile,260,CHILE,regla_nombre,VIRTUAL_O_BAJA,COLOMBIA,1.0,1,False
PARQUE ARAUCO,Parque Arauco,258,CHILE,regla_nombre,VENUE_CLIENTE,COLOMBIA,0.5,4,False
H.C. NOVOTEL MEDELLIN,H.C. Novotel Medellin,246,COLOMBIA,regla_nombre,VENUE_CLIENTE,COLOMBIA,0.98,163,False
EQUIPO VENTA PERU,Equipo Venta Peru,238,PERU,regla_nombre,VIRTUAL_O_BAJA,PERU,0.97,75,False
SERVICIO TECNICO PERU,Servicio Tecnico Peru,229,PERU,regla_nombre,SERVICIO_TECNICO,PERU,0.97,71,False
H. ANTOFAGASTA,H. Antofagasta,199,CHILE,regla_nombre,VENUE_CLIENTE,COLOMBIA,1.0,4,False
CC AR 113,CC AR 113,191,COLOMBIA,regla_nombre,VENUE_CLIENTE,COLOMBIA,0.97,131,False
CC EAR 100,CC EAR 100,188,COLOMBIA,regla_nombre,VENUE_CLIENTE,COLOMBIA,0.98,125,False
EQUIPOS FUERA DE USO,Equipos fuera de uso COLOM,185,COLOMBIA,regla_nombre,VIRTUAL_O_BAJA,COLOMBIA,1.0,21,False
H.C. FS CASA MEDINA,H.C. Four Seasons Casa Medina,178,COLOMBIA,regla_nombre,VENUE_CLIENTE,COLOMBIA,0.98,143,False
EL PARDO DOUBLETREE B,El Pardo Doubletree by Hilton,167,PERU,regla_nombre,VENUE_CLIENTE,PERU,0.93,29,False
H. ALMACRUZ,H. Almacruz,162,CHILE,regla_nombre,VENUE_CLIENTE,COLOMBIA,1.0,4,False
RLA MEXICO,RLA Mexico,162,MEXICO,regla_nombre,CENTRO_DISTRIBUCION,MEXICO,0.68,130,False
COSTA DEL SOL AQP,Hotel Costa del Sol AQP,161,PERU,regla_nombre,VENUE_CLIENTE,PERU,0.87,15,False
63,SAV,159,SIN_ASIGNAR,sin_evidencia,SERVICIO_TECNICO,COLOMBIA,0.75,4,False
CORPORATIVO PANAMA,Corporativo Panana,158,PANAMA,regla_nombre,CENTRO_DISTRIBUCION,PANAMA,0.98,157,False
H. MANQUEHUE PTO. MON,H. Manquehue Pto. Montt,142,CHILE,regla_nombre,VENUE_CLIENTE,COLOMBIA,1.0,1,False
OTRO..,otro.. NO USAR,140,COLOMBIA,inferido_prefijo,VIRTUAL_O_BAJA,COLOMBIA,0.82,28,False
19,Hotel Frontera,129,SIN_ASIGNAR,sin_evidencia,VENUE_CLIENTE,COLOMBIA,1.0,1,False
W PANAMA,H. W Panama,129,PANAMA,regla_nombre,VENUE_CLIENTE,PANAMA,1.0,129,False
GHOST 2025,Ghost 2025,123,SIN_ASIGNAR,sin_evidencia,VIRTUAL_O_BAJA,COLOMBIA,1.0,1,False
VENTA SEGUNDA CHILE,Venta Segunda Chile,118,CHILE,regla_nombre,VIRTUAL_O_BAJA,COLOMBIA,1.0,1,False
HILTON PANAMA,H. Hilton Panama,111,PANAMA,regla_nombre,VENUE_CLIENTE,PANAMA,0.97,111,False
H.C. FS CARTAGENA,H.C. Four Seasons Cartagena,99,COLOMBIA,regla_nombre,VENUE_CLIENTE,COLOMBIA,0.97,99,False
99,VENTA REMATE,99,SIN_ASIGNAR,sin_evidencia,VIRTUAL_O_BAJA,COLOMBIA,1.0,1,False
59,Hotel Terrado,97,CHILE,regla_nombre,VENUE_CLIENTE,COLOMBIA,1.0,1,False
H.C. FS CALLE 85,H.C. Four Seasons Calle 85,84,COLOMBIA,regla_nombre,VENUE_CLIENTE,COLOMBIA,0.99,69,False
CARPAS MARFIL,Carpas Marfíl,81,CHILE,regla_nombre,VENUE_CLIENTE,COLOMBIA,1.0,1,False
24,Hotel Temuco,80,CHILE,regla_nombre,VENUE_CLIENTE,COLOMBIA,1.0,1,False
HOTEL CAP MIRAFLORES,HOTEL CAP MIRAFLORES,79,PERU,regla_nombre,VENUE_CLIENTE,PERU,0.98,58,False
HOTEL DAZZLER LIMA,Hotel Dazzler Lima,75,PERU,regla_nombre,VENUE_CLIENTE,PERU,0.94,16,False
BOTAR CHILE,Botar Chile,73,CHILE,regla_nombre,VIRTUAL_O_BAJA,COLOMBIA,1.0,2,False
35,Hotel O'Higgins,72,CHILE,regla_nombre,VENUE_CLIENTE,COLOMBIA,1.0,1,False
SERVICIO TECNICO COLO,Servicio Tecnico ColombiaREPAIR COLOMBIA,71,COLOMBIA,regla_nombre,SERVICIO_TECNICO,COLOMBIA,0.96,28,False
SERVICIO TECNICO CONC,Servicio Tecnico Concepcion,67,CHILE,regla_nombre,SERVICIO_TECNICO,COLOMBIA,1.0,1,False
WALDORF PANAMA,H. Waldorf Panama,56,PANAMA,regla_nombre,VENUE_CLIENTE,PANAMA,1.0,56,False
46,Hotel Windsor House,42,COLOMBIA,regla_nombre,VENUE_CLIENTE,COLOMBIA,1.0,4,False
HOTEL COUNTRY CLUB,Hotel Country Club,40,PERU,regla_nombre,VENUE_CLIENTE,PERU,1.0,17,False
43,Hotel La Fontana,37,COLOMBIA,regla_nombre,VENUE_CLIENTE,COLOMBIA,0.8,5,False
45,Hotel Suite Jones,36,COLOMBIA,regla_nombre,VENUE_CLIENTE,COLOMBIA,1.0,5,False
44,Hotel Estelar Parque 93,31,COLOMBIA,regla_nombre,VENUE_CLIENTE,COLOMBIA,1.0,2,False
47,Hotel de la Feria,29,SIN_ASIGNAR,sin_evidencia,VENUE_CLIENTE,COLOMBIA,1.0,2,False
EQUIPO MALO PERU,Equipo Malo Peru,21,PERU,regla_nombre,VIRTUAL_O_BAJA,PERU,0.67,3,False
HOTEL PUCÓN,Hotel Pucon,21,CHILE,regla_nombre,VENUE_CLIENTE,COLOMBIA,1.0,1,False
SI176803587,Rebajar 2020 Chile,20,CHILE,regla_nombre,VIRTUAL_O_BAJA,,0.0,0,False
SERVICIO TECNICO ANTO,Servicio Tecnico Antofagasta,19,CHILE,regla_nombre,SERVICIO_TECNICO,COLOMBIA,1.0,1,False
SERVICIO TECNICO PTO.,Servicio Tecnico Pto. Varas,15,CHILE,regla_nombre,SERVICIO_TECNICO,COLOMBIA,1.0,1,False
SI179712566,Marina del Sol Chillan,15,CHILE,regla_nombre,VENUE_CLIENTE,,0.0,0,False
HOTEL CAP SAN ISIDRO,HOTEL CAP SAN ISIDRO,11,PERU,regla_nombre,VENUE_CLIENTE,PERU,1.0,9,False
SI179719603,Marina del Sol,10,CHILE,regla_nombre,VENUE_CLIENTE,,0.0,0,False
60,Bodega Ajustes,10,SIN_ASIGNAR,sin_evidencia,VIRTUAL_O_BAJA,COLOMBIA,1.0,1,False
BODEGA ALT COL,Bodega Colombia,9,COLOMBIA,regla_nombre,CENTRO_DISTRIBUCION,COLOMBIA,1.0,8,False
68,Faena Antofagasta,8,CHILE,regla_nombre,VENUE_CLIENTE,COLOMBIA,1.0,1,False
PALACIO DEL INCA OLD,PALACIO DEL INCA OLD,8,PERU,regla_nombre,VENUE_CLIENTE,PERU,0.6,5,False
CASA ANDINA OLD,CASA ANDINA old,7,PERU,regla_nombre,VENUE_CLIENTE,PERU,1.0,4,False
76,ATTON BRICKELL MIAMI,7,USA,regla_nombre,VENUE_CLIENTE,COLOMBIA,1.0,1,False
H. WHYNDAM ANTOFAGAST,H. Whyndam Antofagasta,6,CHILE,regla_nombre,VENUE_CLIENTE,,0.0,0,False
57,Casino Coyhaique,5,CHILE,regla_nombre,VENUE_CLIENTE,COLOMBIA,1.0,1,False
ADMINISTRACION CHILE,ADMINISTRACION CHILE,5,CHILE,regla_nombre,CENTRO_DISTRIBUCION,CHILE,1.0,5,False
62,Hotel Trump,5,SIN_ASIGNAR,sin_evidencia,VENUE_CLIENTE,COLOMBIA,1.0,1,False
HOTEL COSTA DEL SOL A,Hotel Costa del Sol Aeropuerto,5,PERU,regla_nombre,VENUE_CLIENTE,PERU,1.0,3,False
MERMA TRANSITORIA SER,Merma Transitoria Service Ticket,4,SIN_ASIGNAR,sin_evidencia,VIRTUAL_O_BAJA,COLOMBIA,1.0,1,False
H. NOVOTEL SANTIAGO P,H. Novotel Santiago Providencia,4,CHILE,regla_nombre,VENUE_CLIENTE,,0.0,0,False
ENJOY STGO. RINCONADA,Enjoy Stgo. Rinconada,3,CHILE,regla_nombre,VENUE_CLIENTE,COLOMBIA,1.0,1,False
EF PERU,Equipo Fuera Peru 2025,2,PERU,regla_nombre,VIRTUAL_O_BAJA,COLOMBIA,0.5,2,False
SI180057954,Proyectos 2020,2,SIN_ASIGNAR,sin_evidencia,VIRTUAL_O_BAJA,,0.0,0,False
TRANSITO METRO-BCENTR,TransMetBCentral,1,SIN_ASIGNAR,sin_evidencia,VIRTUAL_O_BAJA,,0.0,0,False
SI179932054,SSTT Externo,1,SIN_ASIGNAR,sin_evidencia,SERVICIO_TECNICO,,0.0,0,False
