alias,canonical
KRAMMER,KRAMER
BEHERINGER,BEHRINGER
BERINGER,BEHRINGER
BHERINGER,BEHRINGER
CAHUVET,CHAUVET
BOSH,BOSCH
DRAPPER,DRAPER
YAMAH,YAMAHA
ASSUS,ASUS
DALITE,DA-LITE
TPLINK,TP-LINK
DLINK,D-LINK
SOUNDCRAF,SOUNDCRAFT
ANALOGWAY,ANALOG WAY
ELECTROVOICE,ELECTRO-VOICE
ELCTROVOICE,ELECTRO-VOICE
PHILLIPS,PHILIPS
UGREEN,UGREEN
DSAN,DSAN
DSANO,DSAN
SOLIDVIEW,SOLIDVIEW
BRIGHTSING,BRIGHTSIGN
BRIGHTSIGN,BRIGHTSIGN
POLARLIGTH,POLARLIGHT
KINKSTON,KINGSTON
TUBOSOUND,TURBOSOUND
SCANDISK,SANDISK
TVONE,TV-ONE
AVMATRIX,AVMATRIX
MITSUBHISHI,MITSUBISHI
ALLENHEATH,ALLEN & HEATH
ALLENHEAT,ALLEN & HEATH
ELGATO,ELGATO
MYCONFERENCETOOLS,MYCONFERENCETOOLS
PCTRONIX,PCTRONIX
LAGAME,LA GAMME
LAGAMME,LA GAMME
XTECH,XTECH
BLACKMAGIC,BLACKMAGIC DESIGN
BLACKMAGICDESIGN,BLACKMAGIC DESIGN
LITEPUTER,LITE-PUTER
NUMARCK,NUMARK
BLUSTTREAM,BLUSTREAM
INTERM,INTER-M
KLIPEXTREME,KLIP XTREME
KLIPXTREME,KLIP XTREME
GEFORCE,GEFORCE
SMALLRING,SMALLRIG
AMERICANNET,AMERICAN NET
AMERICANET,AMERICAN NET
MULTICAISSES,MULTICAISSE
UKBLING,U-KBLING
